{
    "Theta1": [
        [
            0.5716790673340182,
            0.7490092970341455,
            0.327663638039388
        ],
        [
            0.42920688326479906,
            0.3943019792369441,
            0.30304009970167534
        ],
        [
            0.44470865861797015,
            0.24042907191737473,
            0.21211223608865182
        ],
        [
            0.9937434707025674,
            0.8505918307797082,
            0.937085149850983
        ]
    ],
    "Theta2": [
        [
            0.3142900874569534,
            0.6542470838627109,
            0.8338397581178365,
            0.40103361541894134
        ]
    ]
}