{
    "Theta1": [
        [
            0.18310870189878037,
            0.10584900139344144,
            0.3854865573136257
        ],
        [
            0.5962952413123206,
            0.158380799546738,
            0.11893535858926219
        ],
        [
            0.9241220163310913,
            0.672113233826287,
            0.9511178333760092
        ],
        [
            0.3996021571414856,
            0.2240043614624565,
            0.3447310030086814
        ]
    ],
    "Theta2": [
        [
            0.37897843808948406,
            0.18346406367920354,
            0.7671136501672939,
            0.6129775716202356,
            0.851413945218792
        ]
    ]
}