{
    "Theta1": [
        [
            0.6749549048837445,
            0.8803618476457999,
            0.28476654222560105
        ],
        [
            0.44517663805247076,
            0.6509086035306932,
            0.22642253320976813
        ],
        [
            0.9727278839352662,
            0.05877181300457468,
            0.015674414180330998
        ],
        [
            0.9308943060571598,
            0.8510792358468294,
            0.83855770066582
        ]
    ],
    "Theta2": [
        [
            0.97119032022449,
            0.13317428244384022,
            0.09876463502401722,
            0.034245613259284435
        ]
    ]
}