{
    "Theta1": [
        [
            0.35840958525484257,
            0.4351337743682493,
            0.3063291884163948,
            0.7463681153923402
        ],
        [
            0.9453255811107971,
            0.3393485934235677,
            0.1271618033759454,
            0.9474536817755579
        ]
    ],
    "Theta2": [
        [
            0.8331309166649502
        ],
        [
            0.6945061944687696
        ],
        [
            0.43277679250685963
        ],
        [
            0.6564137329822274
        ]
    ]
}