{
    "Theta1": [
        [
            0.9686716844975546,
            0.41452938068316203,
            0.7682547427703551
        ],
        [
            0.9235522662031052,
            0.34665397568512013,
            0.6209148667485564
        ],
        [
            0.06364903601861949,
            0.8938629809436736,
            0.5651522780987565
        ],
        [
            0.8961787424634637,
            0.12097330174127008,
            0.15201131062433904
        ]
    ],
    "Theta2": [
        [
            0.33697722068386593,
            0.03498242841636079,
            0.8488525520227854,
            0.26009334653653515,
            0.12362983043470344
        ]
    ]
}